video_id,exercise_label,label_index,split,num_windows,cache_path
0,jumping_jack,0,train,25,C:\Users\JoudA\OneDrive\سطح المكتب\COOP - JOUD ALSHEHRI\code\ai_engine\datasets\window_cache\physical_exercise_recognition_v4\video_0000.npz
1,jumping_jack,0,test,10,C:\Users\JoudA\OneDrive\سطح المكتب\COOP - JOUD ALSHEHRI\code\ai_engine\datasets\window_cache\physical_exercise_recognition_v4\video_0001.npz
2,jumping_jack,0,train,14,C:\Users\JoudA\OneDrive\سطح المكتب\COOP - JOUD ALSHEHRI\code\ai_engine\datasets\window_cache\physical_exercise_recognition_v4\video_0002.npz
3,jumping_jack,0,validation,22,C:\Users\JoudA\OneDrive\سطح المكتب\COOP - JOUD ALSHEHRI\code\ai_engine\datasets\window_cache\physical_exercise_recognition_v4\video_0003.npz
4,jumping_jack,0,validation,27,C:\Users\JoudA\OneDrive\سطح المكتب\COOP - JOUD ALSHEHRI\code\ai_engine\datasets\window_cache\physical_exercise_recognition_v4\video_0004.npz
5,jumping_jack,0,validation,17,C:\Users\JoudA\OneDrive\سطح المكتب\COOP - JOUD ALSHEHRI\code\ai_engine\datasets\window_cache\physical_exercise_recognition_v4\video_0005.npz
6,jumping_jack,0,train,28,C:\Users\JoudA\OneDrive\سطح المكتب\COOP - JOUD ALSHEHRI\code\ai_engine\datasets\window_cache\physical_exercise_recognition_v4\video_0006.npz
7,jumping_jack,0,test,28,C:\Users\JoudA\OneDrive\سطح المكتب\COOP - JOUD ALSHEHRI\code\ai_engine\datasets\window_cache\physical_exercise_recognition_v4\video_0007.npz
8,jumping_jack,0,train,17,C:\Users\JoudA\OneDrive\سطح المكتب\COOP - JOUD ALSHEHRI\code\ai_engine\datasets\window_cache\physical_exercise_recognition_v4\video_0008.npz
9,jumping_jack,0,train,14,C:\Users\JoudA\OneDrive\سطح المكتب\COOP - JOUD ALSHEHRI\code\ai_engine\datasets\window_cache\physical_exercise_recognition_v4\video_0009.npz
10,jumping_jack,0,train,26,C:\Users\JoudA\OneDrive\سطح المكتب\COOP - JOUD ALSHEHRI\code\ai_engine\datasets\window_cache\physical_exercise_recognition_v4\video_0010.npz
11,jumping_jack,0,validation,5,C:\Users\JoudA\OneDrive\سطح المكتب\COOP - JOUD ALSHEHRI\code\ai_engine\datasets\window_cache\physical_exercise_recognition_v4\video_0011.npz
12,jumping_jack,0,train,25,C:\Users\JoudA\OneDrive\سطح المكتب\COOP - JOUD ALSHEHRI\code\ai_engine\datasets\window_cache\physical_exercise_recognition_v4\video_0012.npz
13,jumping_jack,0,train,23,C:\Users\JoudA\OneDrive\سطح المكتب\COOP - JOUD ALSHEHRI\code\ai_engine\datasets\window_cache\physical_exercise_recognition_v4\video_0013.npz
14,jumping_jack,0,train,10,C:\Users\JoudA\OneDrive\سطح المكتب\COOP - JOUD ALSHEHRI\code\ai_engine\datasets\window_cache\physical_exercise_recognition_v4\video_0014.npz
15,jumping_jack,0,train,15,C:\Users\JoudA\OneDrive\سطح المكتب\COOP - JOUD ALSHEHRI\code\ai_engine\datasets\window_cache\physical_exercise_recognition_v4\video_0015.npz
16,jumping_jack,0,test,25,C:\Users\JoudA\OneDrive\سطح المكتب\COOP - JOUD ALSHEHRI\code\ai_engine\datasets\window_cache\physical_exercise_recognition_v4\video_0016.npz
17,jumping_jack,0,train,4,C:\Users\JoudA\OneDrive\سطح المكتب\COOP - JOUD ALSHEHRI\code\ai_engine\datasets\window_cache\physical_exercise_recognition_v4\video_0017.npz
18,jumping_jack,0,train,21,C:\Users\JoudA\OneDrive\سطح المكتب\COOP - JOUD ALSHEHRI\code\ai_engine\datasets\window_cache\physical_exercise_recognition_v4\video_0018.npz
19,jumping_jack,0,train,14,C:\Users\JoudA\OneDrive\سطح المكتب\COOP - JOUD ALSHEHRI\code\ai_engine\datasets\window_cache\physical_exercise_recognition_v4\video_0019.npz
20,jumping_jack,0,train,28,C:\Users\JoudA\OneDrive\سطح المكتب\COOP - JOUD ALSHEHRI\code\ai_engine\datasets\window_cache\physical_exercise_recognition_v4\video_0020.npz
21,jumping_jack,0,validation,15,C:\Users\JoudA\OneDrive\سطح المكتب\COOP - JOUD ALSHEHRI\code\ai_engine\datasets\window_cache\physical_exercise_recognition_v4\video_0021.npz
22,jumping_jack,0,train,6,C:\Users\JoudA\OneDrive\سطح المكتب\COOP - JOUD ALSHEHRI\code\ai_engine\datasets\window_cache\physical_exercise_recognition_v4\video_0022.npz
23,jumping_jack,0,train,28,C:\Users\JoudA\OneDrive\سطح المكتب\COOP - JOUD ALSHEHRI\code\ai_engine\datasets\window_cache\physical_exercise_recognition_v4\video_0023.npz
24,jumping_jack,0,train,14,C:\Users\JoudA\OneDrive\سطح المكتب\COOP - JOUD ALSHEHRI\code\ai_engine\datasets\window_cache\physical_exercise_recognition_v4\video_0024.npz
25,jumping_jack,0,train,12,C:\Users\JoudA\OneDrive\سطح المكتب\COOP - JOUD ALSHEHRI\code\ai_engine\datasets\window_cache\physical_exercise_recognition_v4\video_0025.npz
26,jumping_jack,0,test,17,C:\Users\JoudA\OneDrive\سطح المكتب\COOP - JOUD ALSHEHRI\code\ai_engine\datasets\window_cache\physical_exercise_recognition_v4\video_0026.npz
27,jumping_jack,0,train,5,C:\Users\JoudA\OneDrive\سطح المكتب\COOP - JOUD ALSHEHRI\code\ai_engine\datasets\window_cache\physical_exercise_recognition_v4\video_0027.npz
28,jumping_jack,0,train,13,C:\Users\JoudA\OneDrive\سطح المكتب\COOP - JOUD ALSHEHRI\code\ai_engine\datasets\window_cache\physical_exercise_recognition_v4\video_0028.npz
29,jumping_jack,0,train,23,C:\Users\JoudA\OneDrive\سطح المكتب\COOP - JOUD ALSHEHRI\code\ai_engine\datasets\window_cache\physical_exercise_recognition_v4\video_0029.npz
30,jumping_jack,0,train,19,C:\Users\JoudA\OneDrive\سطح المكتب\COOP - JOUD ALSHEHRI\code\ai_engine\datasets\window_cache\physical_exercise_recognition_v4\video_0030.npz
31,jumping_jack,0,validation,28,C:\Users\JoudA\OneDrive\سطح المكتب\COOP - JOUD ALSHEHRI\code\ai_engine\datasets\window_cache\physical_exercise_recognition_v4\video_0031.npz
32,jumping_jack,0,test,13,C:\Users\JoudA\OneDrive\سطح المكتب\COOP - JOUD ALSHEHRI\code\ai_engine\datasets\window_cache\physical_exercise_recognition_v4\video_0032.npz
33,jumping_jack,0,train,2,C:\Users\JoudA\OneDrive\سطح المكتب\COOP - JOUD ALSHEHRI\code\ai_engine\datasets\window_cache\physical_exercise_recognition_v4\video_0033.npz
34,jumping_jack,0,train,2,C:\Users\JoudA\OneDrive\سطح المكتب\COOP - JOUD ALSHEHRI\code\ai_engine\datasets\window_cache\physical_exercise_recognition_v4\video_0034.npz
35,jumping_jack,0,train,26,C:\Users\JoudA\OneDrive\سطح المكتب\COOP - JOUD ALSHEHRI\code\ai_engine\datasets\window_cache\physical_exercise_recognition_v4\video_0035.npz
36,jumping_jack,0,test,11,C:\Users\JoudA\OneDrive\سطح المكتب\COOP - JOUD ALSHEHRI\code\ai_engine\datasets\window_cache\physical_exercise_recognition_v4\video_0036.npz
37,jumping_jack,0,train,7,C:\Users\JoudA\OneDrive\سطح المكتب\COOP - JOUD ALSHEHRI\code\ai_engine\datasets\window_cache\physical_exercise_recognition_v4\video_0037.npz
38,jumping_jack,0,train,23,C:\Users\JoudA\OneDrive\سطح المكتب\COOP - JOUD ALSHEHRI\code\ai_engine\datasets\window_cache\physical_exercise_recognition_v4\video_0038.npz
39,jumping_jack,0,train,23,C:\Users\JoudA\OneDrive\سطح المكتب\COOP - JOUD ALSHEHRI\code\ai_engine\datasets\window_cache\physical_exercise_recognition_v4\video_0039.npz
40,jumping_jack,0,test,10,C:\Users\JoudA\OneDrive\سطح المكتب\COOP - JOUD ALSHEHRI\code\ai_engine\datasets\window_cache\physical_exercise_recognition_v4\video_0040.npz
41,jumping_jack,0,train,5,C:\Users\JoudA\OneDrive\سطح المكتب\COOP - JOUD ALSHEHRI\code\ai_engine\datasets\window_cache\physical_exercise_recognition_v4\video_0041.npz
42,jumping_jack,0,validation,10,C:\Users\JoudA\OneDrive\سطح المكتب\COOP - JOUD ALSHEHRI\code\ai_engine\datasets\window_cache\physical_exercise_recognition_v4\video_0042.npz
43,jumping_jack,0,train,6,C:\Users\JoudA\OneDrive\سطح المكتب\COOP - JOUD ALSHEHRI\code\ai_engine\datasets\window_cache\physical_exercise_recognition_v4\video_0043.npz
44,jumping_jack,0,train,13,C:\Users\JoudA\OneDrive\سطح المكتب\COOP - JOUD ALSHEHRI\code\ai_engine\datasets\window_cache\physical_exercise_recognition_v4\video_0044.npz
45,jumping_jack,0,train,13,C:\Users\JoudA\OneDrive\سطح المكتب\COOP - JOUD ALSHEHRI\code\ai_engine\datasets\window_cache\physical_exercise_recognition_v4\video_0045.npz
46,jumping_jack,0,train,17,C:\Users\JoudA\OneDrive\سطح المكتب\COOP - JOUD ALSHEHRI\code\ai_engine\datasets\window_cache\physical_exercise_recognition_v4\video_0046.npz
47,jumping_jack,0,validation,14,C:\Users\JoudA\OneDrive\سطح المكتب\COOP - JOUD ALSHEHRI\code\ai_engine\datasets\window_cache\physical_exercise_recognition_v4\video_0047.npz
48,jumping_jack,0,train,22,C:\Users\JoudA\OneDrive\سطح المكتب\COOP - JOUD ALSHEHRI\code\ai_engine\datasets\window_cache\physical_exercise_recognition_v4\video_0048.npz
49,jumping_jack,0,train,27,C:\Users\JoudA\OneDrive\سطح المكتب\COOP - JOUD ALSHEHRI\code\ai_engine\datasets\window_cache\physical_exercise_recognition_v4\video_0049.npz
50,jumping_jack,0,train,7,C:\Users\JoudA\OneDrive\سطح المكتب\COOP - JOUD ALSHEHRI\code\ai_engine\datasets\window_cache\physical_exercise_recognition_v4\video_0050.npz
51,jumping_jack,0,train,13,C:\Users\JoudA\OneDrive\سطح المكتب\COOP - JOUD ALSHEHRI\code\ai_engine\datasets\window_cache\physical_exercise_recognition_v4\video_0051.npz
52,jumping_jack,0,test,29,C:\Users\JoudA\OneDrive\سطح المكتب\COOP - JOUD ALSHEHRI\code\ai_engine\datasets\window_cache\physical_exercise_recognition_v4\video_0052.npz
53,jumping_jack,0,train,18,C:\Users\JoudA\OneDrive\سطح المكتب\COOP - JOUD ALSHEHRI\code\ai_engine\datasets\window_cache\physical_exercise_recognition_v4\video_0053.npz
54,jumping_jack,0,train,1,C:\Users\JoudA\OneDrive\سطح المكتب\COOP - JOUD ALSHEHRI\code\ai_engine\datasets\window_cache\physical_exercise_recognition_v4\video_0054.npz
55,jumping_jack,0,test,13,C:\Users\JoudA\OneDrive\سطح المكتب\COOP - JOUD ALSHEHRI\code\ai_engine\datasets\window_cache\physical_exercise_recognition_v4\video_0055.npz
56,jumping_jack,0,validation,8,C:\Users\JoudA\OneDrive\سطح المكتب\COOP - JOUD ALSHEHRI\code\ai_engine\datasets\window_cache\physical_exercise_recognition_v4\video_0056.npz
57,jumping_jack,0,validation,10,C:\Users\JoudA\OneDrive\سطح المكتب\COOP - JOUD ALSHEHRI\code\ai_engine\datasets\window_cache\physical_exercise_recognition_v4\video_0057.npz
58,jumping_jack,0,train,22,C:\Users\JoudA\OneDrive\سطح المكتب\COOP - JOUD ALSHEHRI\code\ai_engine\datasets\window_cache\physical_exercise_recognition_v4\video_0058.npz
59,jumping_jack,0,train,15,C:\Users\JoudA\OneDrive\سطح المكتب\COOP - JOUD ALSHEHRI\code\ai_engine\datasets\window_cache\physical_exercise_recognition_v4\video_0059.npz
60,jumping_jack,0,train,28,C:\Users\JoudA\OneDrive\سطح المكتب\COOP - JOUD ALSHEHRI\code\ai_engine\datasets\window_cache\physical_exercise_recognition_v4\video_0060.npz
61,jumping_jack,0,validation,22,C:\Users\JoudA\OneDrive\سطح المكتب\COOP - JOUD ALSHEHRI\code\ai_engine\datasets\window_cache\physical_exercise_recognition_v4\video_0061.npz
62,jumping_jack,0,test,15,C:\Users\JoudA\OneDrive\سطح المكتب\COOP - JOUD ALSHEHRI\code\ai_engine\datasets\window_cache\physical_exercise_recognition_v4\video_0062.npz
63,jumping_jack,0,test,19,C:\Users\JoudA\OneDrive\سطح المكتب\COOP - JOUD ALSHEHRI\code\ai_engine\datasets\window_cache\physical_exercise_recognition_v4\video_0063.npz
64,jumping_jack,0,validation,14,C:\Users\JoudA\OneDrive\سطح المكتب\COOP - JOUD ALSHEHRI\code\ai_engine\datasets\window_cache\physical_exercise_recognition_v4\video_0064.npz
65,jumping_jack,0,train,18,C:\Users\JoudA\OneDrive\سطح المكتب\COOP - JOUD ALSHEHRI\code\ai_engine\datasets\window_cache\physical_exercise_recognition_v4\video_0065.npz
66,jumping_jack,0,train,13,C:\Users\JoudA\OneDrive\سطح المكتب\COOP - JOUD ALSHEHRI\code\ai_engine\datasets\window_cache\physical_exercise_recognition_v4\video_0066.npz
67,jumping_jack,0,train,16,C:\Users\JoudA\OneDrive\سطح المكتب\COOP - JOUD ALSHEHRI\code\ai_engine\datasets\window_cache\physical_exercise_recognition_v4\video_0067.npz
68,jumping_jack,0,train,17,C:\Users\JoudA\OneDrive\سطح المكتب\COOP - JOUD ALSHEHRI\code\ai_engine\datasets\window_cache\physical_exercise_recognition_v4\video_0068.npz
69,jumping_jack,0,validation,26,C:\Users\JoudA\OneDrive\سطح المكتب\COOP - JOUD ALSHEHRI\code\ai_engine\datasets\window_cache\physical_exercise_recognition_v4\video_0069.npz
70,jumping_jack,0,train,7,C:\Users\JoudA\OneDrive\سطح المكتب\COOP - JOUD ALSHEHRI\code\ai_engine\datasets\window_cache\physical_exercise_recognition_v4\video_0070.npz
71,jumping_jack,0,train,4,C:\Users\JoudA\OneDrive\سطح المكتب\COOP - JOUD ALSHEHRI\code\ai_engine\datasets\window_cache\physical_exercise_recognition_v4\video_0071.npz
72,jumping_jack,0,train,3,C:\Users\JoudA\OneDrive\سطح المكتب\COOP - JOUD ALSHEHRI\code\ai_engine\datasets\window_cache\physical_exercise_recognition_v4\video_0072.npz
73,jumping_jack,0,test,10,C:\Users\JoudA\OneDrive\سطح المكتب\COOP - JOUD ALSHEHRI\code\ai_engine\datasets\window_cache\physical_exercise_recognition_v4\video_0073.npz
74,jumping_jack,0,validation,15,C:\Users\JoudA\OneDrive\سطح المكتب\COOP - JOUD ALSHEHRI\code\ai_engine\datasets\window_cache\physical_exercise_recognition_v4\video_0074.npz
75,jumping_jack,0,validation,19,C:\Users\JoudA\OneDrive\سطح المكتب\COOP - JOUD ALSHEHRI\code\ai_engine\datasets\window_cache\physical_exercise_recognition_v4\video_0075.npz
76,jumping_jack,0,train,28,C:\Users\JoudA\OneDrive\سطح المكتب\COOP - JOUD ALSHEHRI\code\ai_engine\datasets\window_cache\physical_exercise_recognition_v4\video_0076.npz
77,jumping_jack,0,train,18,C:\Users\JoudA\OneDrive\سطح المكتب\COOP - JOUD ALSHEHRI\code\ai_engine\datasets\window_cache\physical_exercise_recognition_v4\video_0077.npz
78,jumping_jack,0,test,17,C:\Users\JoudA\OneDrive\سطح المكتب\COOP - JOUD ALSHEHRI\code\ai_engine\datasets\window_cache\physical_exercise_recognition_v4\video_0078.npz
79,jumping_jack,0,train,10,C:\Users\JoudA\OneDrive\سطح المكتب\COOP - JOUD ALSHEHRI\code\ai_engine\datasets\window_cache\physical_exercise_recognition_v4\video_0079.npz
80,jumping_jack,0,train,28,C:\Users\JoudA\OneDrive\سطح المكتب\COOP - JOUD ALSHEHRI\code\ai_engine\datasets\window_cache\physical_exercise_recognition_v4\video_0080.npz
81,jumping_jack,0,train,4,C:\Users\JoudA\OneDrive\سطح المكتب\COOP - JOUD ALSHEHRI\code\ai_engine\datasets\window_cache\physical_exercise_recognition_v4\video_0081.npz
82,jumping_jack,0,train,25,C:\Users\JoudA\OneDrive\سطح المكتب\COOP - JOUD ALSHEHRI\code\ai_engine\datasets\window_cache\physical_exercise_recognition_v4\video_0082.npz
83,jumping_jack,0,train,10,C:\Users\JoudA\OneDrive\سطح المكتب\COOP - JOUD ALSHEHRI\code\ai_engine\datasets\window_cache\physical_exercise_recognition_v4\video_0083.npz
84,jumping_jack,0,train,9,C:\Users\JoudA\OneDrive\سطح المكتب\COOP - JOUD ALSHEHRI\code\ai_engine\datasets\window_cache\physical_exercise_recognition_v4\video_0084.npz
85,jumping_jack,0,train,7,C:\Users\JoudA\OneDrive\سطح المكتب\COOP - JOUD ALSHEHRI\code\ai_engine\datasets\window_cache\physical_exercise_recognition_v4\video_0085.npz
86,jumping_jack,0,train,9,C:\Users\JoudA\OneDrive\سطح المكتب\COOP - JOUD ALSHEHRI\code\ai_engine\datasets\window_cache\physical_exercise_recognition_v4\video_0086.npz
87,jumping_jack,0,train,4,C:\Users\JoudA\OneDrive\سطح المكتب\COOP - JOUD ALSHEHRI\code\ai_engine\datasets\window_cache\physical_exercise_recognition_v4\video_0087.npz
88,jumping_jack,0,train,16,C:\Users\JoudA\OneDrive\سطح المكتب\COOP - JOUD ALSHEHRI\code\ai_engine\datasets\window_cache\physical_exercise_recognition_v4\video_0088.npz
89,jumping_jack,0,train,9,C:\Users\JoudA\OneDrive\سطح المكتب\COOP - JOUD ALSHEHRI\code\ai_engine\datasets\window_cache\physical_exercise_recognition_v4\video_0089.npz
90,jumping_jack,0,train,28,C:\Users\JoudA\OneDrive\سطح المكتب\COOP - JOUD ALSHEHRI\code\ai_engine\datasets\window_cache\physical_exercise_recognition_v4\video_0090.npz
91,jumping_jack,0,train,7,C:\Users\JoudA\OneDrive\سطح المكتب\COOP - JOUD ALSHEHRI\code\ai_engine\datasets\window_cache\physical_exercise_recognition_v4\video_0091.npz
92,jumping_jack,0,train,18,C:\Users\JoudA\OneDrive\سطح المكتب\COOP - JOUD ALSHEHRI\code\ai_engine\datasets\window_cache\physical_exercise_recognition_v4\video_0092.npz
93,jumping_jack,0,train,28,C:\Users\JoudA\OneDrive\سطح المكتب\COOP - JOUD ALSHEHRI\code\ai_engine\datasets\window_cache\physical_exercise_recognition_v4\video_0093.npz
94,jumping_jack,0,test,24,C:\Users\JoudA\OneDrive\سطح المكتب\COOP - JOUD ALSHEHRI\code\ai_engine\datasets\window_cache\physical_exercise_recognition_v4\video_0094.npz
95,jumping_jack,0,train,24,C:\Users\JoudA\OneDrive\سطح المكتب\COOP - JOUD ALSHEHRI\code\ai_engine\datasets\window_cache\physical_exercise_recognition_v4\video_0095.npz
96,jumping_jack,0,train,16,C:\Users\JoudA\OneDrive\سطح المكتب\COOP - JOUD ALSHEHRI\code\ai_engine\datasets\window_cache\physical_exercise_recognition_v4\video_0096.npz
97,jumping_jack,0,train,4,C:\Users\JoudA\OneDrive\سطح المكتب\COOP - JOUD ALSHEHRI\code\ai_engine\datasets\window_cache\physical_exercise_recognition_v4\video_0097.npz
98,jumping_jack,0,train,23,C:\Users\JoudA\OneDrive\سطح المكتب\COOP - JOUD ALSHEHRI\code\ai_engine\datasets\window_cache\physical_exercise_recognition_v4\video_0098.npz
99,jumping_jack,0,test,8,C:\Users\JoudA\OneDrive\سطح المكتب\COOP - JOUD ALSHEHRI\code\ai_engine\datasets\window_cache\physical_exercise_recognition_v4\video_0099.npz
100,jumping_jack,0,train,18,C:\Users\JoudA\OneDrive\سطح المكتب\COOP - JOUD ALSHEHRI\code\ai_engine\datasets\window_cache\physical_exercise_recognition_v4\video_0100.npz
101,jumping_jack,0,train,6,C:\Users\JoudA\OneDrive\سطح المكتب\COOP - JOUD ALSHEHRI\code\ai_engine\datasets\window_cache\physical_exercise_recognition_v4\video_0101.npz
102,jumping_jack,0,train,5,C:\Users\JoudA\OneDrive\سطح المكتب\COOP - JOUD ALSHEHRI\code\ai_engine\datasets\window_cache\physical_exercise_recognition_v4\video_0102.npz
103,jumping_jack,0,train,29,C:\Users\JoudA\OneDrive\سطح المكتب\COOP - JOUD ALSHEHRI\code\ai_engine\datasets\window_cache\physical_exercise_recognition_v4\video_0103.npz
104,jumping_jack,0,train,15,C:\Users\JoudA\OneDrive\سطح المكتب\COOP - JOUD ALSHEHRI\code\ai_engine\datasets\window_cache\physical_exercise_recognition_v4\video_0104.npz
105,jumping_jack,0,validation,28,C:\Users\JoudA\OneDrive\سطح المكتب\COOP - JOUD ALSHEHRI\code\ai_engine\datasets\window_cache\physical_exercise_recognition_v4\video_0105.npz
106,jumping_jack,0,test,29,C:\Users\JoudA\OneDrive\سطح المكتب\COOP - JOUD ALSHEHRI\code\ai_engine\datasets\window_cache\physical_exercise_recognition_v4\video_0106.npz
107,pull_up,1,test,4,C:\Users\JoudA\OneDrive\سطح المكتب\COOP - JOUD ALSHEHRI\code\ai_engine\datasets\window_cache\physical_exercise_recognition_v4\video_0107.npz
108,pull_up,1,validation,29,C:\Users\JoudA\OneDrive\سطح المكتب\COOP - JOUD ALSHEHRI\code\ai_engine\datasets\window_cache\physical_exercise_recognition_v4\video_0108.npz
109,pull_up,1,train,11,C:\Users\JoudA\OneDrive\سطح المكتب\COOP - JOUD ALSHEHRI\code\ai_engine\datasets\window_cache\physical_exercise_recognition_v4\video_0109.npz
110,pull_up,1,train,24,C:\Users\JoudA\OneDrive\سطح المكتب\COOP - JOUD ALSHEHRI\code\ai_engine\datasets\window_cache\physical_exercise_recognition_v4\video_0110.npz
111,pull_up,1,train,29,C:\Users\JoudA\OneDrive\سطح المكتب\COOP - JOUD ALSHEHRI\code\ai_engine\datasets\window_cache\physical_exercise_recognition_v4\video_0111.npz
112,pull_up,1,train,23,C:\Users\JoudA\OneDrive\سطح المكتب\COOP - JOUD ALSHEHRI\code\ai_engine\datasets\window_cache\physical_exercise_recognition_v4\video_0112.npz
113,pull_up,1,train,17,C:\Users\JoudA\OneDrive\سطح المكتب\COOP - JOUD ALSHEHRI\code\ai_engine\datasets\window_cache\physical_exercise_recognition_v4\video_0113.npz
114,pull_up,1,train,28,C:\Users\JoudA\OneDrive\سطح المكتب\COOP - JOUD ALSHEHRI\code\ai_engine\datasets\window_cache\physical_exercise_recognition_v4\video_0114.npz
115,pull_up,1,train,28,C:\Users\JoudA\OneDrive\سطح المكتب\COOP - JOUD ALSHEHRI\code\ai_engine\datasets\window_cache\physical_exercise_recognition_v4\video_0115.npz
116,pull_up,1,validation,18,C:\Users\JoudA\OneDrive\سطح المكتب\COOP - JOUD ALSHEHRI\code\ai_engine\datasets\window_cache\physical_exercise_recognition_v4\video_0116.npz
117,pull_up,1,train,12,C:\Users\JoudA\OneDrive\سطح المكتب\COOP - JOUD ALSHEHRI\code\ai_engine\datasets\window_cache\physical_exercise_recognition_v4\video_0117.npz
118,pull_up,1,train,2,C:\Users\JoudA\OneDrive\سطح المكتب\COOP - JOUD ALSHEHRI\code\ai_engine\datasets\window_cache\physical_exercise_recognition_v4\video_0118.npz
119,pull_up,1,train,7,C:\Users\JoudA\OneDrive\سطح المكتب\COOP - JOUD ALSHEHRI\code\ai_engine\datasets\window_cache\physical_exercise_recognition_v4\video_0119.npz
120,pull_up,1,train,15,C:\Users\JoudA\OneDrive\سطح المكتب\COOP - JOUD ALSHEHRI\code\ai_engine\datasets\window_cache\physical_exercise_recognition_v4\video_0120.npz
121,pull_up,1,test,28,C:\Users\JoudA\OneDrive\سطح المكتب\COOP - JOUD ALSHEHRI\code\ai_engine\datasets\window_cache\physical_exercise_recognition_v4\video_0121.npz
122,pull_up,1,train,28,C:\Users\JoudA\OneDrive\سطح المكتب\COOP - JOUD ALSHEHRI\code\ai_engine\datasets\window_cache\physical_exercise_recognition_v4\video_0122.npz
123,pull_up,1,train,24,C:\Users\JoudA\OneDrive\سطح المكتب\COOP - JOUD ALSHEHRI\code\ai_engine\datasets\window_cache\physical_exercise_recognition_v4\video_0123.npz
124,pull_up,1,train,1,C:\Users\JoudA\OneDrive\سطح المكتب\COOP - JOUD ALSHEHRI\code\ai_engine\datasets\window_cache\physical_exercise_recognition_v4\video_0124.npz
125,pull_up,1,train,29,C:\Users\JoudA\OneDrive\سطح المكتب\COOP - JOUD ALSHEHRI\code\ai_engine\datasets\window_cache\physical_exercise_recognition_v4\video_0125.npz
126,pull_up,1,train,28,C:\Users\JoudA\OneDrive\سطح المكتب\COOP - JOUD ALSHEHRI\code\ai_engine\datasets\window_cache\physical_exercise_recognition_v4\video_0126.npz
127,pull_up,1,train,19,C:\Users\JoudA\OneDrive\سطح المكتب\COOP - JOUD ALSHEHRI\code\ai_engine\datasets\window_cache\physical_exercise_recognition_v4\video_0127.npz
128,pull_up,1,train,11,C:\Users\JoudA\OneDrive\سطح المكتب\COOP - JOUD ALSHEHRI\code\ai_engine\datasets\window_cache\physical_exercise_recognition_v4\video_0128.npz
129,pull_up,1,train,28,C:\Users\JoudA\OneDrive\سطح المكتب\COOP - JOUD ALSHEHRI\code\ai_engine\datasets\window_cache\physical_exercise_recognition_v4\video_0129.npz
130,pull_up,1,train,9,C:\Users\JoudA\OneDrive\سطح المكتب\COOP - JOUD ALSHEHRI\code\ai_engine\datasets\window_cache\physical_exercise_recognition_v4\video_0130.npz
131,pull_up,1,train,5,C:\Users\JoudA\OneDrive\سطح المكتب\COOP - JOUD ALSHEHRI\code\ai_engine\datasets\window_cache\physical_exercise_recognition_v4\video_0131.npz
132,pull_up,1,test,7,C:\Users\JoudA\OneDrive\سطح المكتب\COOP - JOUD ALSHEHRI\code\ai_engine\datasets\window_cache\physical_exercise_recognition_v4\video_0132.npz
133,pull_up,1,test,4,C:\Users\JoudA\OneDrive\سطح المكتب\COOP - JOUD ALSHEHRI\code\ai_engine\datasets\window_cache\physical_exercise_recognition_v4\video_0133.npz
134,pull_up,1,validation,20,C:\Users\JoudA\OneDrive\سطح المكتب\COOP - JOUD ALSHEHRI\code\ai_engine\datasets\window_cache\physical_exercise_recognition_v4\video_0134.npz
135,pull_up,1,train,7,C:\Users\JoudA\OneDrive\سطح المكتب\COOP - JOUD ALSHEHRI\code\ai_engine\datasets\window_cache\physical_exercise_recognition_v4\video_0135.npz
136,pull_up,1,train,15,C:\Users\JoudA\OneDrive\سطح المكتب\COOP - JOUD ALSHEHRI\code\ai_engine\datasets\window_cache\physical_exercise_recognition_v4\video_0136.npz
137,pull_up,1,test,1,C:\Users\JoudA\OneDrive\سطح المكتب\COOP - JOUD ALSHEHRI\code\ai_engine\datasets\window_cache\physical_exercise_recognition_v4\video_0137.npz
138,pull_up,1,validation,15,C:\Users\JoudA\OneDrive\سطح المكتب\COOP - JOUD ALSHEHRI\code\ai_engine\datasets\window_cache\physical_exercise_recognition_v4\video_0138.npz
139,pull_up,1,test,18,C:\Users\JoudA\OneDrive\سطح المكتب\COOP - JOUD ALSHEHRI\code\ai_engine\datasets\window_cache\physical_exercise_recognition_v4\video_0139.npz
140,pull_up,1,train,20,C:\Users\JoudA\OneDrive\سطح المكتب\COOP - JOUD ALSHEHRI\code\ai_engine\datasets\window_cache\physical_exercise_recognition_v4\video_0140.npz
141,pull_up,1,train,10,C:\Users\JoudA\OneDrive\سطح المكتب\COOP - JOUD ALSHEHRI\code\ai_engine\datasets\window_cache\physical_exercise_recognition_v4\video_0141.npz
142,pull_up,1,test,12,C:\Users\JoudA\OneDrive\سطح المكتب\COOP - JOUD ALSHEHRI\code\ai_engine\datasets\window_cache\physical_exercise_recognition_v4\video_0142.npz
143,pull_up,1,train,20,C:\Users\JoudA\OneDrive\سطح المكتب\COOP - JOUD ALSHEHRI\code\ai_engine\datasets\window_cache\physical_exercise_recognition_v4\video_0143.npz
144,pull_up,1,train,28,C:\Users\JoudA\OneDrive\سطح المكتب\COOP - JOUD ALSHEHRI\code\ai_engine\datasets\window_cache\physical_exercise_recognition_v4\video_0144.npz
145,pull_up,1,validation,15,C:\Users\JoudA\OneDrive\سطح المكتب\COOP - JOUD ALSHEHRI\code\ai_engine\datasets\window_cache\physical_exercise_recognition_v4\video_0145.npz
146,pull_up,1,train,20,C:\Users\JoudA\OneDrive\سطح المكتب\COOP - JOUD ALSHEHRI\code\ai_engine\datasets\window_cache\physical_exercise_recognition_v4\video_0146.npz
147,pull_up,1,test,11,C:\Users\JoudA\OneDrive\سطح المكتب\COOP - JOUD ALSHEHRI\code\ai_engine\datasets\window_cache\physical_exercise_recognition_v4\video_0147.npz
148,pull_up,1,train,23,C:\Users\JoudA\OneDrive\سطح المكتب\COOP - JOUD ALSHEHRI\code\ai_engine\datasets\window_cache\physical_exercise_recognition_v4\video_0148.npz
149,pull_up,1,test,22,C:\Users\JoudA\OneDrive\سطح المكتب\COOP - JOUD ALSHEHRI\code\ai_engine\datasets\window_cache\physical_exercise_recognition_v4\video_0149.npz
150,pull_up,1,train,10,C:\Users\JoudA\OneDrive\سطح المكتب\COOP - JOUD ALSHEHRI\code\ai_engine\datasets\window_cache\physical_exercise_recognition_v4\video_0150.npz
151,pull_up,1,train,9,C:\Users\JoudA\OneDrive\سطح المكتب\COOP - JOUD ALSHEHRI\code\ai_engine\datasets\window_cache\physical_exercise_recognition_v4\video_0151.npz
152,pull_up,1,train,26,C:\Users\JoudA\OneDrive\سطح المكتب\COOP - JOUD ALSHEHRI\code\ai_engine\datasets\window_cache\physical_exercise_recognition_v4\video_0152.npz
153,pull_up,1,train,27,C:\Users\JoudA\OneDrive\سطح المكتب\COOP - JOUD ALSHEHRI\code\ai_engine\datasets\window_cache\physical_exercise_recognition_v4\video_0153.npz
154,pull_up,1,train,13,C:\Users\JoudA\OneDrive\سطح المكتب\COOP - JOUD ALSHEHRI\code\ai_engine\datasets\window_cache\physical_exercise_recognition_v4\video_0154.npz
155,pull_up,1,train,22,C:\Users\JoudA\OneDrive\سطح المكتب\COOP - JOUD ALSHEHRI\code\ai_engine\datasets\window_cache\physical_exercise_recognition_v4\video_0155.npz
156,pull_up,1,train,9,C:\Users\JoudA\OneDrive\سطح المكتب\COOP - JOUD ALSHEHRI\code\ai_engine\datasets\window_cache\physical_exercise_recognition_v4\video_0156.npz
157,pull_up,1,train,20,C:\Users\JoudA\OneDrive\سطح المكتب\COOP - JOUD ALSHEHRI\code\ai_engine\datasets\window_cache\physical_exercise_recognition_v4\video_0157.npz
158,pull_up,1,test,28,C:\Users\JoudA\OneDrive\سطح المكتب\COOP - JOUD ALSHEHRI\code\ai_engine\datasets\window_cache\physical_exercise_recognition_v4\video_0158.npz
159,pull_up,1,validation,19,C:\Users\JoudA\OneDrive\سطح المكتب\COOP - JOUD ALSHEHRI\code\ai_engine\datasets\window_cache\physical_exercise_recognition_v4\video_0159.npz
160,pull_up,1,train,9,C:\Users\JoudA\OneDrive\سطح المكتب\COOP - JOUD ALSHEHRI\code\ai_engine\datasets\window_cache\physical_exercise_recognition_v4\video_0160.npz
161,pull_up,1,train,28,C:\Users\JoudA\OneDrive\سطح المكتب\COOP - JOUD ALSHEHRI\code\ai_engine\datasets\window_cache\physical_exercise_recognition_v4\video_0161.npz
162,pull_up,1,train,24,C:\Users\JoudA\OneDrive\سطح المكتب\COOP - JOUD ALSHEHRI\code\ai_engine\datasets\window_cache\physical_exercise_recognition_v4\video_0162.npz
163,pull_up,1,train,5,C:\Users\JoudA\OneDrive\سطح المكتب\COOP - JOUD ALSHEHRI\code\ai_engine\datasets\window_cache\physical_exercise_recognition_v4\video_0163.npz
164,pull_up,1,validation,23,C:\Users\JoudA\OneDrive\سطح المكتب\COOP - JOUD ALSHEHRI\code\ai_engine\datasets\window_cache\physical_exercise_recognition_v4\video_0164.npz
165,pull_up,1,train,7,C:\Users\JoudA\OneDrive\سطح المكتب\COOP - JOUD ALSHEHRI\code\ai_engine\datasets\window_cache\physical_exercise_recognition_v4\video_0165.npz
166,pull_up,1,train,28,C:\Users\JoudA\OneDrive\سطح المكتب\COOP - JOUD ALSHEHRI\code\ai_engine\datasets\window_cache\physical_exercise_recognition_v4\video_0166.npz
167,pull_up,1,train,5,C:\Users\JoudA\OneDrive\سطح المكتب\COOP - JOUD ALSHEHRI\code\ai_engine\datasets\window_cache\physical_exercise_recognition_v4\video_0167.npz
168,pull_up,1,train,16,C:\Users\JoudA\OneDrive\سطح المكتب\COOP - JOUD ALSHEHRI\code\ai_engine\datasets\window_cache\physical_exercise_recognition_v4\video_0168.npz
169,pull_up,1,test,25,C:\Users\JoudA\OneDrive\سطح المكتب\COOP - JOUD ALSHEHRI\code\ai_engine\datasets\window_cache\physical_exercise_recognition_v4\video_0169.npz
170,pull_up,1,train,4,C:\Users\JoudA\OneDrive\سطح المكتب\COOP - JOUD ALSHEHRI\code\ai_engine\datasets\window_cache\physical_exercise_recognition_v4\video_0170.npz
171,pull_up,1,train,29,C:\Users\JoudA\OneDrive\سطح المكتب\COOP - JOUD ALSHEHRI\code\ai_engine\datasets\window_cache\physical_exercise_recognition_v4\video_0171.npz
172,pull_up,1,train,2,C:\Users\JoudA\OneDrive\سطح المكتب\COOP - JOUD ALSHEHRI\code\ai_engine\datasets\window_cache\physical_exercise_recognition_v4\video_0172.npz
173,pull_up,1,train,14,C:\Users\JoudA\OneDrive\سطح المكتب\COOP - JOUD ALSHEHRI\code\ai_engine\datasets\window_cache\physical_exercise_recognition_v4\video_0173.npz
174,pull_up,1,test,23,C:\Users\JoudA\OneDrive\سطح المكتب\COOP - JOUD ALSHEHRI\code\ai_engine\datasets\window_cache\physical_exercise_recognition_v4\video_0174.npz
175,pull_up,1,validation,11,C:\Users\JoudA\OneDrive\سطح المكتب\COOP - JOUD ALSHEHRI\code\ai_engine\datasets\window_cache\physical_exercise_recognition_v4\video_0175.npz
176,pull_up,1,validation,25,C:\Users\JoudA\OneDrive\سطح المكتب\COOP - JOUD ALSHEHRI\code\ai_engine\datasets\window_cache\physical_exercise_recognition_v4\video_0176.npz
177,pull_up,1,train,22,C:\Users\JoudA\OneDrive\سطح المكتب\COOP - JOUD ALSHEHRI\code\ai_engine\datasets\window_cache\physical_exercise_recognition_v4\video_0177.npz
178,pull_up,1,test,22,C:\Users\JoudA\OneDrive\سطح المكتب\COOP - JOUD ALSHEHRI\code\ai_engine\datasets\window_cache\physical_exercise_recognition_v4\video_0178.npz
179,pull_up,1,validation,19,C:\Users\JoudA\OneDrive\سطح المكتب\COOP - JOUD ALSHEHRI\code\ai_engine\datasets\window_cache\physical_exercise_recognition_v4\video_0179.npz
180,pull_up,1,train,6,C:\Users\JoudA\OneDrive\سطح المكتب\COOP - JOUD ALSHEHRI\code\ai_engine\datasets\window_cache\physical_exercise_recognition_v4\video_0180.npz
181,pull_up,1,validation,9,C:\Users\JoudA\OneDrive\سطح المكتب\COOP - JOUD ALSHEHRI\code\ai_engine\datasets\window_cache\physical_exercise_recognition_v4\video_0181.npz
182,pull_up,1,validation,14,C:\Users\JoudA\OneDrive\سطح المكتب\COOP - JOUD ALSHEHRI\code\ai_engine\datasets\window_cache\physical_exercise_recognition_v4\video_0182.npz
183,pull_up,1,train,25,C:\Users\JoudA\OneDrive\سطح المكتب\COOP - JOUD ALSHEHRI\code\ai_engine\datasets\window_cache\physical_exercise_recognition_v4\video_0183.npz
184,pull_up,1,train,26,C:\Users\JoudA\OneDrive\سطح المكتب\COOP - JOUD ALSHEHRI\code\ai_engine\datasets\window_cache\physical_exercise_recognition_v4\video_0184.npz
185,pull_up,1,train,17,C:\Users\JoudA\OneDrive\سطح المكتب\COOP - JOUD ALSHEHRI\code\ai_engine\datasets\window_cache\physical_exercise_recognition_v4\video_0185.npz
186,pull_up,1,train,26,C:\Users\JoudA\OneDrive\سطح المكتب\COOP - JOUD ALSHEHRI\code\ai_engine\datasets\window_cache\physical_exercise_recognition_v4\video_0186.npz
187,pull_up,1,train,23,C:\Users\JoudA\OneDrive\سطح المكتب\COOP - JOUD ALSHEHRI\code\ai_engine\datasets\window_cache\physical_exercise_recognition_v4\video_0187.npz
188,pull_up,1,validation,12,C:\Users\JoudA\OneDrive\سطح المكتب\COOP - JOUD ALSHEHRI\code\ai_engine\datasets\window_cache\physical_exercise_recognition_v4\video_0188.npz
189,pull_up,1,validation,6,C:\Users\JoudA\OneDrive\سطح المكتب\COOP - JOUD ALSHEHRI\code\ai_engine\datasets\window_cache\physical_exercise_recognition_v4\video_0189.npz
190,pull_up,1,train,22,C:\Users\JoudA\OneDrive\سطح المكتب\COOP - JOUD ALSHEHRI\code\ai_engine\datasets\window_cache\physical_exercise_recognition_v4\video_0190.npz
191,pull_up,1,train,24,C:\Users\JoudA\OneDrive\سطح المكتب\COOP - JOUD ALSHEHRI\code\ai_engine\datasets\window_cache\physical_exercise_recognition_v4\video_0191.npz
192,pull_up,1,train,24,C:\Users\JoudA\OneDrive\سطح المكتب\COOP - JOUD ALSHEHRI\code\ai_engine\datasets\window_cache\physical_exercise_recognition_v4\video_0192.npz
193,pull_up,1,validation,8,C:\Users\JoudA\OneDrive\سطح المكتب\COOP - JOUD ALSHEHRI\code\ai_engine\datasets\window_cache\physical_exercise_recognition_v4\video_0193.npz
194,pull_up,1,test,13,C:\Users\JoudA\OneDrive\سطح المكتب\COOP - JOUD ALSHEHRI\code\ai_engine\datasets\window_cache\physical_exercise_recognition_v4\video_0194.npz
195,pull_up,1,train,1,C:\Users\JoudA\OneDrive\سطح المكتب\COOP - JOUD ALSHEHRI\code\ai_engine\datasets\window_cache\physical_exercise_recognition_v4\video_0195.npz
196,pull_up,1,train,17,C:\Users\JoudA\OneDrive\سطح المكتب\COOP - JOUD ALSHEHRI\code\ai_engine\datasets\window_cache\physical_exercise_recognition_v4\video_0196.npz
197,pull_up,1,train,29,C:\Users\JoudA\OneDrive\سطح المكتب\COOP - JOUD ALSHEHRI\code\ai_engine\datasets\window_cache\physical_exercise_recognition_v4\video_0197.npz
198,pull_up,1,train,16,C:\Users\JoudA\OneDrive\سطح المكتب\COOP - JOUD ALSHEHRI\code\ai_engine\datasets\window_cache\physical_exercise_recognition_v4\video_0198.npz
199,pull_up,1,test,16,C:\Users\JoudA\OneDrive\سطح المكتب\COOP - JOUD ALSHEHRI\code\ai_engine\datasets\window_cache\physical_exercise_recognition_v4\video_0199.npz
200,pull_up,1,train,18,C:\Users\JoudA\OneDrive\سطح المكتب\COOP - JOUD ALSHEHRI\code\ai_engine\datasets\window_cache\physical_exercise_recognition_v4\video_0200.npz
201,pull_up,1,train,22,C:\Users\JoudA\OneDrive\سطح المكتب\COOP - JOUD ALSHEHRI\code\ai_engine\datasets\window_cache\physical_exercise_recognition_v4\video_0201.npz
202,pull_up,1,train,1,C:\Users\JoudA\OneDrive\سطح المكتب\COOP - JOUD ALSHEHRI\code\ai_engine\datasets\window_cache\physical_exercise_recognition_v4\video_0202.npz
203,pull_up,1,train,9,C:\Users\JoudA\OneDrive\سطح المكتب\COOP - JOUD ALSHEHRI\code\ai_engine\datasets\window_cache\physical_exercise_recognition_v4\video_0203.npz
204,pull_up,1,train,20,C:\Users\JoudA\OneDrive\سطح المكتب\COOP - JOUD ALSHEHRI\code\ai_engine\datasets\window_cache\physical_exercise_recognition_v4\video_0204.npz
205,pull_up,1,train,1,C:\Users\JoudA\OneDrive\سطح المكتب\COOP - JOUD ALSHEHRI\code\ai_engine\datasets\window_cache\physical_exercise_recognition_v4\video_0205.npz
206,pull_up,1,train,20,C:\Users\JoudA\OneDrive\سطح المكتب\COOP - JOUD ALSHEHRI\code\ai_engine\datasets\window_cache\physical_exercise_recognition_v4\video_0206.npz
207,pull_up,1,train,14,C:\Users\JoudA\OneDrive\سطح المكتب\COOP - JOUD ALSHEHRI\code\ai_engine\datasets\window_cache\physical_exercise_recognition_v4\video_0207.npz
208,push_up,2,validation,5,C:\Users\JoudA\OneDrive\سطح المكتب\COOP - JOUD ALSHEHRI\code\ai_engine\datasets\window_cache\physical_exercise_recognition_v4\video_0208.npz
209,push_up,2,train,20,C:\Users\JoudA\OneDrive\سطح المكتب\COOP - JOUD ALSHEHRI\code\ai_engine\datasets\window_cache\physical_exercise_recognition_v4\video_0209.npz
210,push_up,2,train,22,C:\Users\JoudA\OneDrive\سطح المكتب\COOP - JOUD ALSHEHRI\code\ai_engine\datasets\window_cache\physical_exercise_recognition_v4\video_0210.npz
211,push_up,2,train,25,C:\Users\JoudA\OneDrive\سطح المكتب\COOP - JOUD ALSHEHRI\code\ai_engine\datasets\window_cache\physical_exercise_recognition_v4\video_0211.npz
212,push_up,2,train,6,C:\Users\JoudA\OneDrive\سطح المكتب\COOP - JOUD ALSHEHRI\code\ai_engine\datasets\window_cache\physical_exercise_recognition_v4\video_0212.npz
213,push_up,2,validation,11,C:\Users\JoudA\OneDrive\سطح المكتب\COOP - JOUD ALSHEHRI\code\ai_engine\datasets\window_cache\physical_exercise_recognition_v4\video_0213.npz
214,push_up,2,train,21,C:\Users\JoudA\OneDrive\سطح المكتب\COOP - JOUD ALSHEHRI\code\ai_engine\datasets\window_cache\physical_exercise_recognition_v4\video_0214.npz
215,push_up,2,validation,24,C:\Users\JoudA\OneDrive\سطح المكتب\COOP - JOUD ALSHEHRI\code\ai_engine\datasets\window_cache\physical_exercise_recognition_v4\video_0215.npz
216,push_up,2,train,8,C:\Users\JoudA\OneDrive\سطح المكتب\COOP - JOUD ALSHEHRI\code\ai_engine\datasets\window_cache\physical_exercise_recognition_v4\video_0216.npz
217,push_up,2,train,23,C:\Users\JoudA\OneDrive\سطح المكتب\COOP - JOUD ALSHEHRI\code\ai_engine\datasets\window_cache\physical_exercise_recognition_v4\video_0217.npz
218,push_up,2,test,17,C:\Users\JoudA\OneDrive\سطح المكتب\COOP - JOUD ALSHEHRI\code\ai_engine\datasets\window_cache\physical_exercise_recognition_v4\video_0218.npz
219,push_up,2,validation,9,C:\Users\JoudA\OneDrive\سطح المكتب\COOP - JOUD ALSHEHRI\code\ai_engine\datasets\window_cache\physical_exercise_recognition_v4\video_0219.npz
220,push_up,2,train,22,C:\Users\JoudA\OneDrive\سطح المكتب\COOP - JOUD ALSHEHRI\code\ai_engine\datasets\window_cache\physical_exercise_recognition_v4\video_0220.npz
221,push_up,2,train,15,C:\Users\JoudA\OneDrive\سطح المكتب\COOP - JOUD ALSHEHRI\code\ai_engine\datasets\window_cache\physical_exercise_recognition_v4\video_0221.npz
222,push_up,2,train,15,C:\Users\JoudA\OneDrive\سطح المكتب\COOP - JOUD ALSHEHRI\code\ai_engine\datasets\window_cache\physical_exercise_recognition_v4\video_0222.npz
223,push_up,2,train,17,C:\Users\JoudA\OneDrive\سطح المكتب\COOP - JOUD ALSHEHRI\code\ai_engine\datasets\window_cache\physical_exercise_recognition_v4\video_0223.npz
224,push_up,2,train,2,C:\Users\JoudA\OneDrive\سطح المكتب\COOP - JOUD ALSHEHRI\code\ai_engine\datasets\window_cache\physical_exercise_recognition_v4\video_0224.npz
225,push_up,2,validation,26,C:\Users\JoudA\OneDrive\سطح المكتب\COOP - JOUD ALSHEHRI\code\ai_engine\datasets\window_cache\physical_exercise_recognition_v4\video_0225.npz
226,push_up,2,validation,20,C:\Users\JoudA\OneDrive\سطح المكتب\COOP - JOUD ALSHEHRI\code\ai_engine\datasets\window_cache\physical_exercise_recognition_v4\video_0226.npz
227,push_up,2,validation,2,C:\Users\JoudA\OneDrive\سطح المكتب\COOP - JOUD ALSHEHRI\code\ai_engine\datasets\window_cache\physical_exercise_recognition_v4\video_0227.npz
228,push_up,2,train,8,C:\Users\JoudA\OneDrive\سطح المكتب\COOP - JOUD ALSHEHRI\code\ai_engine\datasets\window_cache\physical_exercise_recognition_v4\video_0228.npz
229,push_up,2,train,4,C:\Users\JoudA\OneDrive\سطح المكتب\COOP - JOUD ALSHEHRI\code\ai_engine\datasets\window_cache\physical_exercise_recognition_v4\video_0229.npz
230,push_up,2,train,9,C:\Users\JoudA\OneDrive\سطح المكتب\COOP - JOUD ALSHEHRI\code\ai_engine\datasets\window_cache\physical_exercise_recognition_v4\video_0230.npz
231,push_up,2,train,15,C:\Users\JoudA\OneDrive\سطح المكتب\COOP - JOUD ALSHEHRI\code\ai_engine\datasets\window_cache\physical_exercise_recognition_v4\video_0231.npz
232,push_up,2,train,11,C:\Users\JoudA\OneDrive\سطح المكتب\COOP - JOUD ALSHEHRI\code\ai_engine\datasets\window_cache\physical_exercise_recognition_v4\video_0232.npz
233,push_up,2,test,12,C:\Users\JoudA\OneDrive\سطح المكتب\COOP - JOUD ALSHEHRI\code\ai_engine\datasets\window_cache\physical_exercise_recognition_v4\video_0233.npz
234,push_up,2,test,24,C:\Users\JoudA\OneDrive\سطح المكتب\COOP - JOUD ALSHEHRI\code\ai_engine\datasets\window_cache\physical_exercise_recognition_v4\video_0234.npz
235,push_up,2,train,11,C:\Users\JoudA\OneDrive\سطح المكتب\COOP - JOUD ALSHEHRI\code\ai_engine\datasets\window_cache\physical_exercise_recognition_v4\video_0235.npz
236,push_up,2,train,17,C:\Users\JoudA\OneDrive\سطح المكتب\COOP - JOUD ALSHEHRI\code\ai_engine\datasets\window_cache\physical_exercise_recognition_v4\video_0236.npz
237,push_up,2,train,12,C:\Users\JoudA\OneDrive\سطح المكتب\COOP - JOUD ALSHEHRI\code\ai_engine\datasets\window_cache\physical_exercise_recognition_v4\video_0237.npz
238,push_up,2,train,24,C:\Users\JoudA\OneDrive\سطح المكتب\COOP - JOUD ALSHEHRI\code\ai_engine\datasets\window_cache\physical_exercise_recognition_v4\video_0238.npz
239,push_up,2,test,15,C:\Users\JoudA\OneDrive\سطح المكتب\COOP - JOUD ALSHEHRI\code\ai_engine\datasets\window_cache\physical_exercise_recognition_v4\video_0239.npz
240,push_up,2,test,11,C:\Users\JoudA\OneDrive\سطح المكتب\COOP - JOUD ALSHEHRI\code\ai_engine\datasets\window_cache\physical_exercise_recognition_v4\video_0240.npz
241,push_up,2,test,11,C:\Users\JoudA\OneDrive\سطح المكتب\COOP - JOUD ALSHEHRI\code\ai_engine\datasets\window_cache\physical_exercise_recognition_v4\video_0241.npz
242,push_up,2,train,12,C:\Users\JoudA\OneDrive\سطح المكتب\COOP - JOUD ALSHEHRI\code\ai_engine\datasets\window_cache\physical_exercise_recognition_v4\video_0242.npz
243,push_up,2,test,22,C:\Users\JoudA\OneDrive\سطح المكتب\COOP - JOUD ALSHEHRI\code\ai_engine\datasets\window_cache\physical_exercise_recognition_v4\video_0243.npz
244,push_up,2,train,10,C:\Users\JoudA\OneDrive\سطح المكتب\COOP - JOUD ALSHEHRI\code\ai_engine\datasets\window_cache\physical_exercise_recognition_v4\video_0244.npz
245,push_up,2,train,26,C:\Users\JoudA\OneDrive\سطح المكتب\COOP - JOUD ALSHEHRI\code\ai_engine\datasets\window_cache\physical_exercise_recognition_v4\video_0245.npz
246,push_up,2,train,4,C:\Users\JoudA\OneDrive\سطح المكتب\COOP - JOUD ALSHEHRI\code\ai_engine\datasets\window_cache\physical_exercise_recognition_v4\video_0246.npz
247,push_up,2,train,29,C:\Users\JoudA\OneDrive\سطح المكتب\COOP - JOUD ALSHEHRI\code\ai_engine\datasets\window_cache\physical_exercise_recognition_v4\video_0247.npz
248,push_up,2,train,8,C:\Users\JoudA\OneDrive\سطح المكتب\COOP - JOUD ALSHEHRI\code\ai_engine\datasets\window_cache\physical_exercise_recognition_v4\video_0248.npz
249,push_up,2,train,25,C:\Users\JoudA\OneDrive\سطح المكتب\COOP - JOUD ALSHEHRI\code\ai_engine\datasets\window_cache\physical_exercise_recognition_v4\video_0249.npz
250,push_up,2,validation,6,C:\Users\JoudA\OneDrive\سطح المكتب\COOP - JOUD ALSHEHRI\code\ai_engine\datasets\window_cache\physical_exercise_recognition_v4\video_0250.npz
251,push_up,2,train,22,C:\Users\JoudA\OneDrive\سطح المكتب\COOP - JOUD ALSHEHRI\code\ai_engine\datasets\window_cache\physical_exercise_recognition_v4\video_0251.npz
252,push_up,2,train,15,C:\Users\JoudA\OneDrive\سطح المكتب\COOP - JOUD ALSHEHRI\code\ai_engine\datasets\window_cache\physical_exercise_recognition_v4\video_0252.npz
253,push_up,2,train,9,C:\Users\JoudA\OneDrive\سطح المكتب\COOP - JOUD ALSHEHRI\code\ai_engine\datasets\window_cache\physical_exercise_recognition_v4\video_0253.npz
254,push_up,2,test,28,C:\Users\JoudA\OneDrive\سطح المكتب\COOP - JOUD ALSHEHRI\code\ai_engine\datasets\window_cache\physical_exercise_recognition_v4\video_0254.npz
255,push_up,2,train,1,C:\Users\JoudA\OneDrive\سطح المكتب\COOP - JOUD ALSHEHRI\code\ai_engine\datasets\window_cache\physical_exercise_recognition_v4\video_0255.npz
256,push_up,2,train,18,C:\Users\JoudA\OneDrive\سطح المكتب\COOP - JOUD ALSHEHRI\code\ai_engine\datasets\window_cache\physical_exercise_recognition_v4\video_0256.npz
257,push_up,2,train,5,C:\Users\JoudA\OneDrive\سطح المكتب\COOP - JOUD ALSHEHRI\code\ai_engine\datasets\window_cache\physical_exercise_recognition_v4\video_0257.npz
258,push_up,2,validation,25,C:\Users\JoudA\OneDrive\سطح المكتب\COOP - JOUD ALSHEHRI\code\ai_engine\datasets\window_cache\physical_exercise_recognition_v4\video_0258.npz
259,push_up,2,train,15,C:\Users\JoudA\OneDrive\سطح المكتب\COOP - JOUD ALSHEHRI\code\ai_engine\datasets\window_cache\physical_exercise_recognition_v4\video_0259.npz
260,push_up,2,train,22,C:\Users\JoudA\OneDrive\سطح المكتب\COOP - JOUD ALSHEHRI\code\ai_engine\datasets\window_cache\physical_exercise_recognition_v4\video_0260.npz
261,push_up,2,test,29,C:\Users\JoudA\OneDrive\سطح المكتب\COOP - JOUD ALSHEHRI\code\ai_engine\datasets\window_cache\physical_exercise_recognition_v4\video_0261.npz
262,push_up,2,test,29,C:\Users\JoudA\OneDrive\سطح المكتب\COOP - JOUD ALSHEHRI\code\ai_engine\datasets\window_cache\physical_exercise_recognition_v4\video_0262.npz
263,push_up,2,train,2,C:\Users\JoudA\OneDrive\سطح المكتب\COOP - JOUD ALSHEHRI\code\ai_engine\datasets\window_cache\physical_exercise_recognition_v4\video_0263.npz
264,push_up,2,validation,11,C:\Users\JoudA\OneDrive\سطح المكتب\COOP - JOUD ALSHEHRI\code\ai_engine\datasets\window_cache\physical_exercise_recognition_v4\video_0264.npz
265,push_up,2,train,9,C:\Users\JoudA\OneDrive\سطح المكتب\COOP - JOUD ALSHEHRI\code\ai_engine\datasets\window_cache\physical_exercise_recognition_v4\video_0265.npz
266,push_up,2,train,7,C:\Users\JoudA\OneDrive\سطح المكتب\COOP - JOUD ALSHEHRI\code\ai_engine\datasets\window_cache\physical_exercise_recognition_v4\video_0266.npz
267,push_up,2,train,9,C:\Users\JoudA\OneDrive\سطح المكتب\COOP - JOUD ALSHEHRI\code\ai_engine\datasets\window_cache\physical_exercise_recognition_v4\video_0267.npz
268,push_up,2,validation,29,C:\Users\JoudA\OneDrive\سطح المكتب\COOP - JOUD ALSHEHRI\code\ai_engine\datasets\window_cache\physical_exercise_recognition_v4\video_0268.npz
269,push_up,2,validation,8,C:\Users\JoudA\OneDrive\سطح المكتب\COOP - JOUD ALSHEHRI\code\ai_engine\datasets\window_cache\physical_exercise_recognition_v4\video_0269.npz
270,push_up,2,train,15,C:\Users\JoudA\OneDrive\سطح المكتب\COOP - JOUD ALSHEHRI\code\ai_engine\datasets\window_cache\physical_exercise_recognition_v4\video_0270.npz
271,push_up,2,test,10,C:\Users\JoudA\OneDrive\سطح المكتب\COOP - JOUD ALSHEHRI\code\ai_engine\datasets\window_cache\physical_exercise_recognition_v4\video_0271.npz
272,push_up,2,train,4,C:\Users\JoudA\OneDrive\سطح المكتب\COOP - JOUD ALSHEHRI\code\ai_engine\datasets\window_cache\physical_exercise_recognition_v4\video_0272.npz
273,push_up,2,train,17,C:\Users\JoudA\OneDrive\سطح المكتب\COOP - JOUD ALSHEHRI\code\ai_engine\datasets\window_cache\physical_exercise_recognition_v4\video_0273.npz
274,push_up,2,train,17,C:\Users\JoudA\OneDrive\سطح المكتب\COOP - JOUD ALSHEHRI\code\ai_engine\datasets\window_cache\physical_exercise_recognition_v4\video_0274.npz
275,push_up,2,train,27,C:\Users\JoudA\OneDrive\سطح المكتب\COOP - JOUD ALSHEHRI\code\ai_engine\datasets\window_cache\physical_exercise_recognition_v4\video_0275.npz
276,push_up,2,train,11,C:\Users\JoudA\OneDrive\سطح المكتب\COOP - JOUD ALSHEHRI\code\ai_engine\datasets\window_cache\physical_exercise_recognition_v4\video_0276.npz
277,push_up,2,train,25,C:\Users\JoudA\OneDrive\سطح المكتب\COOP - JOUD ALSHEHRI\code\ai_engine\datasets\window_cache\physical_exercise_recognition_v4\video_0277.npz
278,push_up,2,test,26,C:\Users\JoudA\OneDrive\سطح المكتب\COOP - JOUD ALSHEHRI\code\ai_engine\datasets\window_cache\physical_exercise_recognition_v4\video_0278.npz
279,push_up,2,train,20,C:\Users\JoudA\OneDrive\سطح المكتب\COOP - JOUD ALSHEHRI\code\ai_engine\datasets\window_cache\physical_exercise_recognition_v4\video_0279.npz
280,push_up,2,train,21,C:\Users\JoudA\OneDrive\سطح المكتب\COOP - JOUD ALSHEHRI\code\ai_engine\datasets\window_cache\physical_exercise_recognition_v4\video_0280.npz
281,push_up,2,validation,5,C:\Users\JoudA\OneDrive\سطح المكتب\COOP - JOUD ALSHEHRI\code\ai_engine\datasets\window_cache\physical_exercise_recognition_v4\video_0281.npz
282,push_up,2,train,6,C:\Users\JoudA\OneDrive\سطح المكتب\COOP - JOUD ALSHEHRI\code\ai_engine\datasets\window_cache\physical_exercise_recognition_v4\video_0282.npz
283,push_up,2,train,26,C:\Users\JoudA\OneDrive\سطح المكتب\COOP - JOUD ALSHEHRI\code\ai_engine\datasets\window_cache\physical_exercise_recognition_v4\video_0283.npz
284,push_up,2,train,26,C:\Users\JoudA\OneDrive\سطح المكتب\COOP - JOUD ALSHEHRI\code\ai_engine\datasets\window_cache\physical_exercise_recognition_v4\video_0284.npz
285,push_up,2,train,1,C:\Users\JoudA\OneDrive\سطح المكتب\COOP - JOUD ALSHEHRI\code\ai_engine\datasets\window_cache\physical_exercise_recognition_v4\video_0285.npz
286,push_up,2,train,12,C:\Users\JoudA\OneDrive\سطح المكتب\COOP - JOUD ALSHEHRI\code\ai_engine\datasets\window_cache\physical_exercise_recognition_v4\video_0286.npz
287,push_up,2,train,26,C:\Users\JoudA\OneDrive\سطح المكتب\COOP - JOUD ALSHEHRI\code\ai_engine\datasets\window_cache\physical_exercise_recognition_v4\video_0287.npz
288,push_up,2,train,28,C:\Users\JoudA\OneDrive\سطح المكتب\COOP - JOUD ALSHEHRI\code\ai_engine\datasets\window_cache\physical_exercise_recognition_v4\video_0288.npz
289,push_up,2,test,1,C:\Users\JoudA\OneDrive\سطح المكتب\COOP - JOUD ALSHEHRI\code\ai_engine\datasets\window_cache\physical_exercise_recognition_v4\video_0289.npz
290,push_up,2,train,24,C:\Users\JoudA\OneDrive\سطح المكتب\COOP - JOUD ALSHEHRI\code\ai_engine\datasets\window_cache\physical_exercise_recognition_v4\video_0290.npz
291,push_up,2,train,24,C:\Users\JoudA\OneDrive\سطح المكتب\COOP - JOUD ALSHEHRI\code\ai_engine\datasets\window_cache\physical_exercise_recognition_v4\video_0291.npz
292,push_up,2,train,7,C:\Users\JoudA\OneDrive\سطح المكتب\COOP - JOUD ALSHEHRI\code\ai_engine\datasets\window_cache\physical_exercise_recognition_v4\video_0292.npz
293,push_up,2,test,12,C:\Users\JoudA\OneDrive\سطح المكتب\COOP - JOUD ALSHEHRI\code\ai_engine\datasets\window_cache\physical_exercise_recognition_v4\video_0293.npz
294,push_up,2,validation,20,C:\Users\JoudA\OneDrive\سطح المكتب\COOP - JOUD ALSHEHRI\code\ai_engine\datasets\window_cache\physical_exercise_recognition_v4\video_0294.npz
295,push_up,2,train,27,C:\Users\JoudA\OneDrive\سطح المكتب\COOP - JOUD ALSHEHRI\code\ai_engine\datasets\window_cache\physical_exercise_recognition_v4\video_0295.npz
296,push_up,2,validation,3,C:\Users\JoudA\OneDrive\سطح المكتب\COOP - JOUD ALSHEHRI\code\ai_engine\datasets\window_cache\physical_exercise_recognition_v4\video_0296.npz
297,push_up,2,train,9,C:\Users\JoudA\OneDrive\سطح المكتب\COOP - JOUD ALSHEHRI\code\ai_engine\datasets\window_cache\physical_exercise_recognition_v4\video_0297.npz
298,push_up,2,train,10,C:\Users\JoudA\OneDrive\سطح المكتب\COOP - JOUD ALSHEHRI\code\ai_engine\datasets\window_cache\physical_exercise_recognition_v4\video_0298.npz
299,push_up,2,train,13,C:\Users\JoudA\OneDrive\سطح المكتب\COOP - JOUD ALSHEHRI\code\ai_engine\datasets\window_cache\physical_exercise_recognition_v4\video_0299.npz
300,push_up,2,train,11,C:\Users\JoudA\OneDrive\سطح المكتب\COOP - JOUD ALSHEHRI\code\ai_engine\datasets\window_cache\physical_exercise_recognition_v4\video_0300.npz
301,push_up,2,train,6,C:\Users\JoudA\OneDrive\سطح المكتب\COOP - JOUD ALSHEHRI\code\ai_engine\datasets\window_cache\physical_exercise_recognition_v4\video_0301.npz
302,push_up,2,train,16,C:\Users\JoudA\OneDrive\سطح المكتب\COOP - JOUD ALSHEHRI\code\ai_engine\datasets\window_cache\physical_exercise_recognition_v4\video_0302.npz
303,push_up,2,train,1,C:\Users\JoudA\OneDrive\سطح المكتب\COOP - JOUD ALSHEHRI\code\ai_engine\datasets\window_cache\physical_exercise_recognition_v4\video_0303.npz
304,push_up,2,train,28,C:\Users\JoudA\OneDrive\سطح المكتب\COOP - JOUD ALSHEHRI\code\ai_engine\datasets\window_cache\physical_exercise_recognition_v4\video_0304.npz
305,push_up,2,train,26,C:\Users\JoudA\OneDrive\سطح المكتب\COOP - JOUD ALSHEHRI\code\ai_engine\datasets\window_cache\physical_exercise_recognition_v4\video_0305.npz
306,push_up,2,test,8,C:\Users\JoudA\OneDrive\سطح المكتب\COOP - JOUD ALSHEHRI\code\ai_engine\datasets\window_cache\physical_exercise_recognition_v4\video_0306.npz
307,situp,3,test,22,C:\Users\JoudA\OneDrive\سطح المكتب\COOP - JOUD ALSHEHRI\code\ai_engine\datasets\window_cache\physical_exercise_recognition_v4\video_0307.npz
308,situp,3,train,20,C:\Users\JoudA\OneDrive\سطح المكتب\COOP - JOUD ALSHEHRI\code\ai_engine\datasets\window_cache\physical_exercise_recognition_v4\video_0308.npz
309,situp,3,train,18,C:\Users\JoudA\OneDrive\سطح المكتب\COOP - JOUD ALSHEHRI\code\ai_engine\datasets\window_cache\physical_exercise_recognition_v4\video_0309.npz
310,situp,3,train,16,C:\Users\JoudA\OneDrive\سطح المكتب\COOP - JOUD ALSHEHRI\code\ai_engine\datasets\window_cache\physical_exercise_recognition_v4\video_0310.npz
311,situp,3,train,12,C:\Users\JoudA\OneDrive\سطح المكتب\COOP - JOUD ALSHEHRI\code\ai_engine\datasets\window_cache\physical_exercise_recognition_v4\video_0311.npz
312,situp,3,train,23,C:\Users\JoudA\OneDrive\سطح المكتب\COOP - JOUD ALSHEHRI\code\ai_engine\datasets\window_cache\physical_exercise_recognition_v4\video_0312.npz
313,situp,3,train,24,C:\Users\JoudA\OneDrive\سطح المكتب\COOP - JOUD ALSHEHRI\code\ai_engine\datasets\window_cache\physical_exercise_recognition_v4\video_0313.npz
314,situp,3,test,11,C:\Users\JoudA\OneDrive\سطح المكتب\COOP - JOUD ALSHEHRI\code\ai_engine\datasets\window_cache\physical_exercise_recognition_v4\video_0314.npz
315,situp,3,train,20,C:\Users\JoudA\OneDrive\سطح المكتب\COOP - JOUD ALSHEHRI\code\ai_engine\datasets\window_cache\physical_exercise_recognition_v4\video_0315.npz
316,situp,3,train,28,C:\Users\JoudA\OneDrive\سطح المكتب\COOP - JOUD ALSHEHRI\code\ai_engine\datasets\window_cache\physical_exercise_recognition_v4\video_0316.npz
317,situp,3,train,18,C:\Users\JoudA\OneDrive\سطح المكتب\COOP - JOUD ALSHEHRI\code\ai_engine\datasets\window_cache\physical_exercise_recognition_v4\video_0317.npz
318,situp,3,train,13,C:\Users\JoudA\OneDrive\سطح المكتب\COOP - JOUD ALSHEHRI\code\ai_engine\datasets\window_cache\physical_exercise_recognition_v4\video_0318.npz
319,situp,3,train,1,C:\Users\JoudA\OneDrive\سطح المكتب\COOP - JOUD ALSHEHRI\code\ai_engine\datasets\window_cache\physical_exercise_recognition_v4\video_0319.npz
320,situp,3,train,26,C:\Users\JoudA\OneDrive\سطح المكتب\COOP - JOUD ALSHEHRI\code\ai_engine\datasets\window_cache\physical_exercise_recognition_v4\video_0320.npz
321,situp,3,train,16,C:\Users\JoudA\OneDrive\سطح المكتب\COOP - JOUD ALSHEHRI\code\ai_engine\datasets\window_cache\physical_exercise_recognition_v4\video_0321.npz
322,situp,3,train,24,C:\Users\JoudA\OneDrive\سطح المكتب\COOP - JOUD ALSHEHRI\code\ai_engine\datasets\window_cache\physical_exercise_recognition_v4\video_0322.npz
323,situp,3,train,10,C:\Users\JoudA\OneDrive\سطح المكتب\COOP - JOUD ALSHEHRI\code\ai_engine\datasets\window_cache\physical_exercise_recognition_v4\video_0323.npz
324,situp,3,train,15,C:\Users\JoudA\OneDrive\سطح المكتب\COOP - JOUD ALSHEHRI\code\ai_engine\datasets\window_cache\physical_exercise_recognition_v4\video_0324.npz
325,situp,3,validation,26,C:\Users\JoudA\OneDrive\سطح المكتب\COOP - JOUD ALSHEHRI\code\ai_engine\datasets\window_cache\physical_exercise_recognition_v4\video_0325.npz
326,situp,3,validation,29,C:\Users\JoudA\OneDrive\سطح المكتب\COOP - JOUD ALSHEHRI\code\ai_engine\datasets\window_cache\physical_exercise_recognition_v4\video_0326.npz
327,situp,3,train,14,C:\Users\JoudA\OneDrive\سطح المكتب\COOP - JOUD ALSHEHRI\code\ai_engine\datasets\window_cache\physical_exercise_recognition_v4\video_0327.npz
328,situp,3,train,24,C:\Users\JoudA\OneDrive\سطح المكتب\COOP - JOUD ALSHEHRI\code\ai_engine\datasets\window_cache\physical_exercise_recognition_v4\video_0328.npz
329,situp,3,train,22,C:\Users\JoudA\OneDrive\سطح المكتب\COOP - JOUD ALSHEHRI\code\ai_engine\datasets\window_cache\physical_exercise_recognition_v4\video_0329.npz
330,situp,3,train,29,C:\Users\JoudA\OneDrive\سطح المكتب\COOP - JOUD ALSHEHRI\code\ai_engine\datasets\window_cache\physical_exercise_recognition_v4\video_0330.npz
331,situp,3,test,19,C:\Users\JoudA\OneDrive\سطح المكتب\COOP - JOUD ALSHEHRI\code\ai_engine\datasets\window_cache\physical_exercise_recognition_v4\video_0331.npz
332,situp,3,train,18,C:\Users\JoudA\OneDrive\سطح المكتب\COOP - JOUD ALSHEHRI\code\ai_engine\datasets\window_cache\physical_exercise_recognition_v4\video_0332.npz
333,situp,3,train,8,C:\Users\JoudA\OneDrive\سطح المكتب\COOP - JOUD ALSHEHRI\code\ai_engine\datasets\window_cache\physical_exercise_recognition_v4\video_0333.npz
334,situp,3,train,24,C:\Users\JoudA\OneDrive\سطح المكتب\COOP - JOUD ALSHEHRI\code\ai_engine\datasets\window_cache\physical_exercise_recognition_v4\video_0334.npz
335,situp,3,test,20,C:\Users\JoudA\OneDrive\سطح المكتب\COOP - JOUD ALSHEHRI\code\ai_engine\datasets\window_cache\physical_exercise_recognition_v4\video_0335.npz
336,situp,3,test,21,C:\Users\JoudA\OneDrive\سطح المكتب\COOP - JOUD ALSHEHRI\code\ai_engine\datasets\window_cache\physical_exercise_recognition_v4\video_0336.npz
337,situp,3,test,29,C:\Users\JoudA\OneDrive\سطح المكتب\COOP - JOUD ALSHEHRI\code\ai_engine\datasets\window_cache\physical_exercise_recognition_v4\video_0337.npz
338,situp,3,train,28,C:\Users\JoudA\OneDrive\سطح المكتب\COOP - JOUD ALSHEHRI\code\ai_engine\datasets\window_cache\physical_exercise_recognition_v4\video_0338.npz
339,situp,3,train,28,C:\Users\JoudA\OneDrive\سطح المكتب\COOP - JOUD ALSHEHRI\code\ai_engine\datasets\window_cache\physical_exercise_recognition_v4\video_0339.npz
340,situp,3,validation,28,C:\Users\JoudA\OneDrive\سطح المكتب\COOP - JOUD ALSHEHRI\code\ai_engine\datasets\window_cache\physical_exercise_recognition_v4\video_0340.npz
341,situp,3,train,23,C:\Users\JoudA\OneDrive\سطح المكتب\COOP - JOUD ALSHEHRI\code\ai_engine\datasets\window_cache\physical_exercise_recognition_v4\video_0341.npz
342,situp,3,test,1,C:\Users\JoudA\OneDrive\سطح المكتب\COOP - JOUD ALSHEHRI\code\ai_engine\datasets\window_cache\physical_exercise_recognition_v4\video_0342.npz
343,situp,3,train,21,C:\Users\JoudA\OneDrive\سطح المكتب\COOP - JOUD ALSHEHRI\code\ai_engine\datasets\window_cache\physical_exercise_recognition_v4\video_0343.npz
344,situp,3,train,8,C:\Users\JoudA\OneDrive\سطح المكتب\COOP - JOUD ALSHEHRI\code\ai_engine\datasets\window_cache\physical_exercise_recognition_v4\video_0344.npz
345,situp,3,train,17,C:\Users\JoudA\OneDrive\سطح المكتب\COOP - JOUD ALSHEHRI\code\ai_engine\datasets\window_cache\physical_exercise_recognition_v4\video_0345.npz
346,situp,3,train,17,C:\Users\JoudA\OneDrive\سطح المكتب\COOP - JOUD ALSHEHRI\code\ai_engine\datasets\window_cache\physical_exercise_recognition_v4\video_0346.npz
347,situp,3,validation,27,C:\Users\JoudA\OneDrive\سطح المكتب\COOP - JOUD ALSHEHRI\code\ai_engine\datasets\window_cache\physical_exercise_recognition_v4\video_0347.npz
348,situp,3,train,27,C:\Users\JoudA\OneDrive\سطح المكتب\COOP - JOUD ALSHEHRI\code\ai_engine\datasets\window_cache\physical_exercise_recognition_v4\video_0348.npz
349,situp,3,validation,17,C:\Users\JoudA\OneDrive\سطح المكتب\COOP - JOUD ALSHEHRI\code\ai_engine\datasets\window_cache\physical_exercise_recognition_v4\video_0349.npz
350,situp,3,train,22,C:\Users\JoudA\OneDrive\سطح المكتب\COOP - JOUD ALSHEHRI\code\ai_engine\datasets\window_cache\physical_exercise_recognition_v4\video_0350.npz
351,situp,3,train,16,C:\Users\JoudA\OneDrive\سطح المكتب\COOP - JOUD ALSHEHRI\code\ai_engine\datasets\window_cache\physical_exercise_recognition_v4\video_0351.npz
352,situp,3,train,28,C:\Users\JoudA\OneDrive\سطح المكتب\COOP - JOUD ALSHEHRI\code\ai_engine\datasets\window_cache\physical_exercise_recognition_v4\video_0352.npz
353,situp,3,test,28,C:\Users\JoudA\OneDrive\سطح المكتب\COOP - JOUD ALSHEHRI\code\ai_engine\datasets\window_cache\physical_exercise_recognition_v4\video_0353.npz
354,situp,3,train,26,C:\Users\JoudA\OneDrive\سطح المكتب\COOP - JOUD ALSHEHRI\code\ai_engine\datasets\window_cache\physical_exercise_recognition_v4\video_0354.npz
355,situp,3,train,16,C:\Users\JoudA\OneDrive\سطح المكتب\COOP - JOUD ALSHEHRI\code\ai_engine\datasets\window_cache\physical_exercise_recognition_v4\video_0355.npz
356,situp,3,train,12,C:\Users\JoudA\OneDrive\سطح المكتب\COOP - JOUD ALSHEHRI\code\ai_engine\datasets\window_cache\physical_exercise_recognition_v4\video_0356.npz
357,situp,3,train,1,C:\Users\JoudA\OneDrive\سطح المكتب\COOP - JOUD ALSHEHRI\code\ai_engine\datasets\window_cache\physical_exercise_recognition_v4\video_0357.npz
358,situp,3,train,19,C:\Users\JoudA\OneDrive\سطح المكتب\COOP - JOUD ALSHEHRI\code\ai_engine\datasets\window_cache\physical_exercise_recognition_v4\video_0358.npz
359,situp,3,validation,22,C:\Users\JoudA\OneDrive\سطح المكتب\COOP - JOUD ALSHEHRI\code\ai_engine\datasets\window_cache\physical_exercise_recognition_v4\video_0359.npz
360,situp,3,train,16,C:\Users\JoudA\OneDrive\سطح المكتب\COOP - JOUD ALSHEHRI\code\ai_engine\datasets\window_cache\physical_exercise_recognition_v4\video_0360.npz
361,situp,3,train,10,C:\Users\JoudA\OneDrive\سطح المكتب\COOP - JOUD ALSHEHRI\code\ai_engine\datasets\window_cache\physical_exercise_recognition_v4\video_0361.npz
362,situp,3,validation,9,C:\Users\JoudA\OneDrive\سطح المكتب\COOP - JOUD ALSHEHRI\code\ai_engine\datasets\window_cache\physical_exercise_recognition_v4\video_0362.npz
363,situp,3,train,23,C:\Users\JoudA\OneDrive\سطح المكتب\COOP - JOUD ALSHEHRI\code\ai_engine\datasets\window_cache\physical_exercise_recognition_v4\video_0363.npz
364,situp,3,train,19,C:\Users\JoudA\OneDrive\سطح المكتب\COOP - JOUD ALSHEHRI\code\ai_engine\datasets\window_cache\physical_exercise_recognition_v4\video_0364.npz
365,situp,3,train,8,C:\Users\JoudA\OneDrive\سطح المكتب\COOP - JOUD ALSHEHRI\code\ai_engine\datasets\window_cache\physical_exercise_recognition_v4\video_0365.npz
366,situp,3,train,26,C:\Users\JoudA\OneDrive\سطح المكتب\COOP - JOUD ALSHEHRI\code\ai_engine\datasets\window_cache\physical_exercise_recognition_v4\video_0366.npz
367,situp,3,test,18,C:\Users\JoudA\OneDrive\سطح المكتب\COOP - JOUD ALSHEHRI\code\ai_engine\datasets\window_cache\physical_exercise_recognition_v4\video_0367.npz
368,situp,3,train,8,C:\Users\JoudA\OneDrive\سطح المكتب\COOP - JOUD ALSHEHRI\code\ai_engine\datasets\window_cache\physical_exercise_recognition_v4\video_0368.npz
369,situp,3,train,18,C:\Users\JoudA\OneDrive\سطح المكتب\COOP - JOUD ALSHEHRI\code\ai_engine\datasets\window_cache\physical_exercise_recognition_v4\video_0369.npz
370,situp,3,train,28,C:\Users\JoudA\OneDrive\سطح المكتب\COOP - JOUD ALSHEHRI\code\ai_engine\datasets\window_cache\physical_exercise_recognition_v4\video_0370.npz
371,situp,3,validation,20,C:\Users\JoudA\OneDrive\سطح المكتب\COOP - JOUD ALSHEHRI\code\ai_engine\datasets\window_cache\physical_exercise_recognition_v4\video_0371.npz
372,situp,3,validation,3,C:\Users\JoudA\OneDrive\سطح المكتب\COOP - JOUD ALSHEHRI\code\ai_engine\datasets\window_cache\physical_exercise_recognition_v4\video_0372.npz
373,situp,3,validation,24,C:\Users\JoudA\OneDrive\سطح المكتب\COOP - JOUD ALSHEHRI\code\ai_engine\datasets\window_cache\physical_exercise_recognition_v4\video_0373.npz
374,situp,3,train,24,C:\Users\JoudA\OneDrive\سطح المكتب\COOP - JOUD ALSHEHRI\code\ai_engine\datasets\window_cache\physical_exercise_recognition_v4\video_0374.npz
375,situp,3,train,29,C:\Users\JoudA\OneDrive\سطح المكتب\COOP - JOUD ALSHEHRI\code\ai_engine\datasets\window_cache\physical_exercise_recognition_v4\video_0375.npz
376,situp,3,train,18,C:\Users\JoudA\OneDrive\سطح المكتب\COOP - JOUD ALSHEHRI\code\ai_engine\datasets\window_cache\physical_exercise_recognition_v4\video_0376.npz
377,situp,3,train,23,C:\Users\JoudA\OneDrive\سطح المكتب\COOP - JOUD ALSHEHRI\code\ai_engine\datasets\window_cache\physical_exercise_recognition_v4\video_0377.npz
378,situp,3,test,17,C:\Users\JoudA\OneDrive\سطح المكتب\COOP - JOUD ALSHEHRI\code\ai_engine\datasets\window_cache\physical_exercise_recognition_v4\video_0378.npz
379,situp,3,train,27,C:\Users\JoudA\OneDrive\سطح المكتب\COOP - JOUD ALSHEHRI\code\ai_engine\datasets\window_cache\physical_exercise_recognition_v4\video_0379.npz
380,situp,3,train,29,C:\Users\JoudA\OneDrive\سطح المكتب\COOP - JOUD ALSHEHRI\code\ai_engine\datasets\window_cache\physical_exercise_recognition_v4\video_0380.npz
381,situp,3,validation,25,C:\Users\JoudA\OneDrive\سطح المكتب\COOP - JOUD ALSHEHRI\code\ai_engine\datasets\window_cache\physical_exercise_recognition_v4\video_0381.npz
382,situp,3,validation,1,C:\Users\JoudA\OneDrive\سطح المكتب\COOP - JOUD ALSHEHRI\code\ai_engine\datasets\window_cache\physical_exercise_recognition_v4\video_0382.npz
383,situp,3,test,29,C:\Users\JoudA\OneDrive\سطح المكتب\COOP - JOUD ALSHEHRI\code\ai_engine\datasets\window_cache\physical_exercise_recognition_v4\video_0383.npz
384,situp,3,test,28,C:\Users\JoudA\OneDrive\سطح المكتب\COOP - JOUD ALSHEHRI\code\ai_engine\datasets\window_cache\physical_exercise_recognition_v4\video_0384.npz
385,squat,4,test,18,C:\Users\JoudA\OneDrive\سطح المكتب\COOP - JOUD ALSHEHRI\code\ai_engine\datasets\window_cache\physical_exercise_recognition_v4\video_0385.npz
386,squat,4,train,10,C:\Users\JoudA\OneDrive\سطح المكتب\COOP - JOUD ALSHEHRI\code\ai_engine\datasets\window_cache\physical_exercise_recognition_v4\video_0386.npz
387,squat,4,train,9,C:\Users\JoudA\OneDrive\سطح المكتب\COOP - JOUD ALSHEHRI\code\ai_engine\datasets\window_cache\physical_exercise_recognition_v4\video_0387.npz
388,squat,4,train,16,C:\Users\JoudA\OneDrive\سطح المكتب\COOP - JOUD ALSHEHRI\code\ai_engine\datasets\window_cache\physical_exercise_recognition_v4\video_0388.npz
389,squat,4,train,1,C:\Users\JoudA\OneDrive\سطح المكتب\COOP - JOUD ALSHEHRI\code\ai_engine\datasets\window_cache\physical_exercise_recognition_v4\video_0389.npz
390,squat,4,train,28,C:\Users\JoudA\OneDrive\سطح المكتب\COOP - JOUD ALSHEHRI\code\ai_engine\datasets\window_cache\physical_exercise_recognition_v4\video_0390.npz
391,squat,4,test,2,C:\Users\JoudA\OneDrive\سطح المكتب\COOP - JOUD ALSHEHRI\code\ai_engine\datasets\window_cache\physical_exercise_recognition_v4\video_0391.npz
392,squat,4,train,1,C:\Users\JoudA\OneDrive\سطح المكتب\COOP - JOUD ALSHEHRI\code\ai_engine\datasets\window_cache\physical_exercise_recognition_v4\video_0392.npz
393,squat,4,train,19,C:\Users\JoudA\OneDrive\سطح المكتب\COOP - JOUD ALSHEHRI\code\ai_engine\datasets\window_cache\physical_exercise_recognition_v4\video_0393.npz
394,squat,4,train,1,C:\Users\JoudA\OneDrive\سطح المكتب\COOP - JOUD ALSHEHRI\code\ai_engine\datasets\window_cache\physical_exercise_recognition_v4\video_0394.npz
395,squat,4,train,16,C:\Users\JoudA\OneDrive\سطح المكتب\COOP - JOUD ALSHEHRI\code\ai_engine\datasets\window_cache\physical_exercise_recognition_v4\video_0395.npz
396,squat,4,test,28,C:\Users\JoudA\OneDrive\سطح المكتب\COOP - JOUD ALSHEHRI\code\ai_engine\datasets\window_cache\physical_exercise_recognition_v4\video_0396.npz
397,squat,4,test,15,C:\Users\JoudA\OneDrive\سطح المكتب\COOP - JOUD ALSHEHRI\code\ai_engine\datasets\window_cache\physical_exercise_recognition_v4\video_0397.npz
398,squat,4,train,5,C:\Users\JoudA\OneDrive\سطح المكتب\COOP - JOUD ALSHEHRI\code\ai_engine\datasets\window_cache\physical_exercise_recognition_v4\video_0398.npz
399,squat,4,train,17,C:\Users\JoudA\OneDrive\سطح المكتب\COOP - JOUD ALSHEHRI\code\ai_engine\datasets\window_cache\physical_exercise_recognition_v4\video_0399.npz
400,squat,4,test,29,C:\Users\JoudA\OneDrive\سطح المكتب\COOP - JOUD ALSHEHRI\code\ai_engine\datasets\window_cache\physical_exercise_recognition_v4\video_0400.npz
401,squat,4,train,28,C:\Users\JoudA\OneDrive\سطح المكتب\COOP - JOUD ALSHEHRI\code\ai_engine\datasets\window_cache\physical_exercise_recognition_v4\video_0401.npz
402,squat,4,train,10,C:\Users\JoudA\OneDrive\سطح المكتب\COOP - JOUD ALSHEHRI\code\ai_engine\datasets\window_cache\physical_exercise_recognition_v4\video_0402.npz
403,squat,4,train,6,C:\Users\JoudA\OneDrive\سطح المكتب\COOP - JOUD ALSHEHRI\code\ai_engine\datasets\window_cache\physical_exercise_recognition_v4\video_0403.npz
404,squat,4,train,22,C:\Users\JoudA\OneDrive\سطح المكتب\COOP - JOUD ALSHEHRI\code\ai_engine\datasets\window_cache\physical_exercise_recognition_v4\video_0404.npz
405,squat,4,train,19,C:\Users\JoudA\OneDrive\سطح المكتب\COOP - JOUD ALSHEHRI\code\ai_engine\datasets\window_cache\physical_exercise_recognition_v4\video_0405.npz
406,squat,4,train,1,C:\Users\JoudA\OneDrive\سطح المكتب\COOP - JOUD ALSHEHRI\code\ai_engine\datasets\window_cache\physical_exercise_recognition_v4\video_0406.npz
407,squat,4,train,18,C:\Users\JoudA\OneDrive\سطح المكتب\COOP - JOUD ALSHEHRI\code\ai_engine\datasets\window_cache\physical_exercise_recognition_v4\video_0407.npz
408,squat,4,train,2,C:\Users\JoudA\OneDrive\سطح المكتب\COOP - JOUD ALSHEHRI\code\ai_engine\datasets\window_cache\physical_exercise_recognition_v4\video_0408.npz
409,squat,4,test,16,C:\Users\JoudA\OneDrive\سطح المكتب\COOP - JOUD ALSHEHRI\code\ai_engine\datasets\window_cache\physical_exercise_recognition_v4\video_0409.npz
410,squat,4,train,13,C:\Users\JoudA\OneDrive\سطح المكتب\COOP - JOUD ALSHEHRI\code\ai_engine\datasets\window_cache\physical_exercise_recognition_v4\video_0410.npz
411,squat,4,train,17,C:\Users\JoudA\OneDrive\سطح المكتب\COOP - JOUD ALSHEHRI\code\ai_engine\datasets\window_cache\physical_exercise_recognition_v4\video_0411.npz
412,squat,4,validation,14,C:\Users\JoudA\OneDrive\سطح المكتب\COOP - JOUD ALSHEHRI\code\ai_engine\datasets\window_cache\physical_exercise_recognition_v4\video_0412.npz
413,squat,4,train,11,C:\Users\JoudA\OneDrive\سطح المكتب\COOP - JOUD ALSHEHRI\code\ai_engine\datasets\window_cache\physical_exercise_recognition_v4\video_0413.npz
414,squat,4,train,11,C:\Users\JoudA\OneDrive\سطح المكتب\COOP - JOUD ALSHEHRI\code\ai_engine\datasets\window_cache\physical_exercise_recognition_v4\video_0414.npz
415,squat,4,train,28,C:\Users\JoudA\OneDrive\سطح المكتب\COOP - JOUD ALSHEHRI\code\ai_engine\datasets\window_cache\physical_exercise_recognition_v4\video_0415.npz
416,squat,4,test,23,C:\Users\JoudA\OneDrive\سطح المكتب\COOP - JOUD ALSHEHRI\code\ai_engine\datasets\window_cache\physical_exercise_recognition_v4\video_0416.npz
417,squat,4,validation,27,C:\Users\JoudA\OneDrive\سطح المكتب\COOP - JOUD ALSHEHRI\code\ai_engine\datasets\window_cache\physical_exercise_recognition_v4\video_0417.npz
418,squat,4,train,22,C:\Users\JoudA\OneDrive\سطح المكتب\COOP - JOUD ALSHEHRI\code\ai_engine\datasets\window_cache\physical_exercise_recognition_v4\video_0418.npz
419,squat,4,train,29,C:\Users\JoudA\OneDrive\سطح المكتب\COOP - JOUD ALSHEHRI\code\ai_engine\datasets\window_cache\physical_exercise_recognition_v4\video_0419.npz
420,squat,4,train,14,C:\Users\JoudA\OneDrive\سطح المكتب\COOP - JOUD ALSHEHRI\code\ai_engine\datasets\window_cache\physical_exercise_recognition_v4\video_0420.npz
421,squat,4,test,28,C:\Users\JoudA\OneDrive\سطح المكتب\COOP - JOUD ALSHEHRI\code\ai_engine\datasets\window_cache\physical_exercise_recognition_v4\video_0421.npz
422,squat,4,train,16,C:\Users\JoudA\OneDrive\سطح المكتب\COOP - JOUD ALSHEHRI\code\ai_engine\datasets\window_cache\physical_exercise_recognition_v4\video_0422.npz
423,squat,4,validation,11,C:\Users\JoudA\OneDrive\سطح المكتب\COOP - JOUD ALSHEHRI\code\ai_engine\datasets\window_cache\physical_exercise_recognition_v4\video_0423.npz
424,squat,4,validation,24,C:\Users\JoudA\OneDrive\سطح المكتب\COOP - JOUD ALSHEHRI\code\ai_engine\datasets\window_cache\physical_exercise_recognition_v4\video_0424.npz
425,squat,4,train,12,C:\Users\JoudA\OneDrive\سطح المكتب\COOP - JOUD ALSHEHRI\code\ai_engine\datasets\window_cache\physical_exercise_recognition_v4\video_0425.npz
426,squat,4,train,28,C:\Users\JoudA\OneDrive\سطح المكتب\COOP - JOUD ALSHEHRI\code\ai_engine\datasets\window_cache\physical_exercise_recognition_v4\video_0426.npz
427,squat,4,validation,20,C:\Users\JoudA\OneDrive\سطح المكتب\COOP - JOUD ALSHEHRI\code\ai_engine\datasets\window_cache\physical_exercise_recognition_v4\video_0427.npz
428,squat,4,validation,23,C:\Users\JoudA\OneDrive\سطح المكتب\COOP - JOUD ALSHEHRI\code\ai_engine\datasets\window_cache\physical_exercise_recognition_v4\video_0428.npz
429,squat,4,train,16,C:\Users\JoudA\OneDrive\سطح المكتب\COOP - JOUD ALSHEHRI\code\ai_engine\datasets\window_cache\physical_exercise_recognition_v4\video_0429.npz
430,squat,4,validation,24,C:\Users\JoudA\OneDrive\سطح المكتب\COOP - JOUD ALSHEHRI\code\ai_engine\datasets\window_cache\physical_exercise_recognition_v4\video_0430.npz
431,squat,4,test,8,C:\Users\JoudA\OneDrive\سطح المكتب\COOP - JOUD ALSHEHRI\code\ai_engine\datasets\window_cache\physical_exercise_recognition_v4\video_0431.npz
432,squat,4,validation,17,C:\Users\JoudA\OneDrive\سطح المكتب\COOP - JOUD ALSHEHRI\code\ai_engine\datasets\window_cache\physical_exercise_recognition_v4\video_0432.npz
433,squat,4,train,29,C:\Users\JoudA\OneDrive\سطح المكتب\COOP - JOUD ALSHEHRI\code\ai_engine\datasets\window_cache\physical_exercise_recognition_v4\video_0433.npz
434,squat,4,train,15,C:\Users\JoudA\OneDrive\سطح المكتب\COOP - JOUD ALSHEHRI\code\ai_engine\datasets\window_cache\physical_exercise_recognition_v4\video_0434.npz
435,squat,4,train,17,C:\Users\JoudA\OneDrive\سطح المكتب\COOP - JOUD ALSHEHRI\code\ai_engine\datasets\window_cache\physical_exercise_recognition_v4\video_0435.npz
436,squat,4,validation,17,C:\Users\JoudA\OneDrive\سطح المكتب\COOP - JOUD ALSHEHRI\code\ai_engine\datasets\window_cache\physical_exercise_recognition_v4\video_0436.npz
437,squat,4,train,10,C:\Users\JoudA\OneDrive\سطح المكتب\COOP - JOUD ALSHEHRI\code\ai_engine\datasets\window_cache\physical_exercise_recognition_v4\video_0437.npz
438,squat,4,train,14,C:\Users\JoudA\OneDrive\سطح المكتب\COOP - JOUD ALSHEHRI\code\ai_engine\datasets\window_cache\physical_exercise_recognition_v4\video_0438.npz
439,squat,4,train,15,C:\Users\JoudA\OneDrive\سطح المكتب\COOP - JOUD ALSHEHRI\code\ai_engine\datasets\window_cache\physical_exercise_recognition_v4\video_0439.npz
440,squat,4,train,16,C:\Users\JoudA\OneDrive\سطح المكتب\COOP - JOUD ALSHEHRI\code\ai_engine\datasets\window_cache\physical_exercise_recognition_v4\video_0440.npz
441,squat,4,train,22,C:\Users\JoudA\OneDrive\سطح المكتب\COOP - JOUD ALSHEHRI\code\ai_engine\datasets\window_cache\physical_exercise_recognition_v4\video_0441.npz
442,squat,4,train,14,C:\Users\JoudA\OneDrive\سطح المكتب\COOP - JOUD ALSHEHRI\code\ai_engine\datasets\window_cache\physical_exercise_recognition_v4\video_0442.npz
443,squat,4,train,16,C:\Users\JoudA\OneDrive\سطح المكتب\COOP - JOUD ALSHEHRI\code\ai_engine\datasets\window_cache\physical_exercise_recognition_v4\video_0443.npz
444,squat,4,train,22,C:\Users\JoudA\OneDrive\سطح المكتب\COOP - JOUD ALSHEHRI\code\ai_engine\datasets\window_cache\physical_exercise_recognition_v4\video_0444.npz
445,squat,4,train,15,C:\Users\JoudA\OneDrive\سطح المكتب\COOP - JOUD ALSHEHRI\code\ai_engine\datasets\window_cache\physical_exercise_recognition_v4\video_0445.npz
446,squat,4,train,8,C:\Users\JoudA\OneDrive\سطح المكتب\COOP - JOUD ALSHEHRI\code\ai_engine\datasets\window_cache\physical_exercise_recognition_v4\video_0446.npz
447,squat,4,train,27,C:\Users\JoudA\OneDrive\سطح المكتب\COOP - JOUD ALSHEHRI\code\ai_engine\datasets\window_cache\physical_exercise_recognition_v4\video_0447.npz
